model,mean_trace_conv,mean_trace_enc_dense,mean_trace_dec_dense,mean_trace_convtrans2d1,mean_trace_convtrans2d2
eol_single_batch,1796.9332565307618,7.503147338628769,8.483223128318787,1153.5956107521058,715.4701447868347
eol_single_batch1,1796.933297729492,7.503147338628769,8.48322313785553,1153.5956104469299,715.4701368618012
bol_single_batch,1791.7492175292969,7.666960246562958,8.473000202178955,1150.2662017822265,714.2198864269257
bol_single_batch1,1791.7492211914061,7.666960246562958,8.473000202178955,1150.2662030410766,714.2198868751526
