BER, EMD_ae
0.0, 1.346362954366226
0.0001, 1.346362954366226
