BER, EMD_ae
0.0, 99.5
0.0, 98.51569441529323
0.0, 1.4143435483832218
0.0, 0.010694415293207445
0.0, 0.006783351957028011
0.0, 0.006783351957028011
0.0, 1.342425654149732
0.0, 1.342425654149732
0.0, 1.3461586176521403
0.0, 1.3461586176521403
0.0, 1.346362954366226
0.0, 1.346362954366226
