BER, EMD_ae
0.0, 1.0599334029348866
0, 1.0590075629951565
0, 1.0931517977414313
