BER, EMD_ae
0, 3.449226155885017
0, 3.4461454856750215
0, 3.446145485678646
0, 2.5551006074378386
0, 2.5551006074111933
0, 0.7362545815405405
0, 1.658045610240177
0, 3.324249901532566
0, 3.3242499009360924
0, 2.6131257839226794
0, 3.4364354742753305
0, 1.6006735267152747
